1,10 Mei 2016,"perpisahan bek real madrid kalahkan casillas netizen protes bek real madrid alvaro arbeloa menggelar laga perpisahan di santiago bernabeu minggu 8 mei 2016 laga melawan valencia itu menjadi laga terakhir mantan bek liverpool ini di hadapan madridista arbeloa sudah memutuskan tak memperpanjang kontrak dan akan mencari klub baru di musim depan pesta perpisahan arbeloa terasa manis karena los blancos mampu menekuk valencia 3 2 arbeloa masuk di menit 79 menggantikan cristiano ronaldo publik bernabeu memberikan sambutan meriah dengan jersey raksasa bertuliskan nomor 17 nomor punggung pemain 33 tahun ini di tribun suporter usai laga para pemain madrid memberikan salam perpisahan yang meriah untuk arbeloa mereka mengangkat mantan pemain timnas spanyol itu ke udara namun seperti dilansir 101greatgoals sambutan ini malah mendapat sindiran dari para netizen mereka mempertanyakan kenapa mantan kiper iker casillas tak diperlakukan seperti arbeloa hanya ada konferensi pers singkat, usai casillas mengakhiri karirnya di madrid di akhir musim 201415 pemain yang memilih bergabung dengan fc porto ini bahkan hanya datang seorang diri tentunya hal itu dianggap tak layak mengingat jasa besar yang diberikan casillas untuk los blancos sebelum membela porto pemain 34 tahun ini menghabiskan 16 musim di santiago bernabeu dengan raihan berbagai macam gelar di antaranya 5 trofi la liga 3 liga champions dan 1 piala dunia klub"
2,10 Mei 2016,kaya raya begini cara shahrukh khan habiskan uang miliaran shahrukh khan adalah salah satu aktor ternama bollywood ia juga menjadi salah satu aktor termahal dengan bayaran miliaran rupiah untuk satu filmnya tak heran dengan penghasilannya tersebut srk begitu nama populernya menjadi aktor terkaya di negerinya srk sendiri buka-bukaan soal dari mana saja uang yang dihasilkan dan bagaimana ia menghabiskan uang tersebut hal itu diungkapkan oleh srk dalam sebuah wawancara ia mengungkapkan senang menjadi hebat tetapi uang yang dihasilkan itu tidak dihabiskan untuknya sendiri  kami memiliki rumah besar kantor besar dan film hebat uang saya dihabiskan untuk itu semua saya mengeluarkan uang hanya ketika membuat film ujarnya seperti dilansir dari gulfnews ia mengaku walau statusnya sebagai bintang besar dengan penghasilan besar srk bukanlah orang yang gemar hura-hura bisa dibilang srk orang yang cukup hemat saya tak pergi ke restoran saya makan di rumah dan dengan makanan yang sama saya tak membeli baju baru dan apa pun yang saya miliki yang saya inginkan saya sudah mendapat sponsor ujarnya di balik hidupnya yang glamor bintang film kuch kuch hota hai ini justru memilih hidup layaknya orang biasa saya tak membeli apa pun untuk diri saya jika anda bertemu dengan saya tujuh hari saya akan memakai celana yang sama ujarnya  srk bersama sang istri memang lebih senang menghabiskan uangnya untuk berinvestasi di perusahaan rumah produksi milik mereka red chillies entertainment ia juga mempunyai studio dan properti di luar negeri ia juga memiliki saham di sebuah pusat permainan anak-anak ia mengaku senang dengan tantangan baru dan penuh risiko saya mungkin gagal tetapi setidaknya aku sudah memberikan tembakan kita semua akan gagal kita akan mengakhiri karier kita suatu saat nanti jadi mari kita coba sesuatu yang baru ujar aktor terkenal ini oleh karena itu srk senang mencoba sesuatu yang baru dan belum pernah ia lakukan dari situ ia bisa mendapat pelajaran dan pengalaman untuk kesuksesannya baik sebagai aktor maupun pengusaha apapun yang saya dapatkan saya habiskan untuk investasi ungkapnya
3,10 Mei 2016,tantowi yahya munaslub jadi jalan golkar menuju sukses 2019 musyawarah nasional luar biasa munaslub partai golkar di bali 1516 mei akan menjadi perhelatan politik besar dan penting di tanah air hajatan ini akan dibuka presiden joko widodo pada 15 mei dan ditutup wakil presiden jusuf kalla pada 16 mei sebanyak 3000an kader golkar dari seluruh indonesia akan hadir di bali nusa dua convention centre bndcc menjadi bagian dari munaslub yang menandai awal kebangkitan partai golkar kata wakil ketua organizing committee tantowi yahya dalam keterangan tertulisnya selasa 10 mei 2016 tantowi menuturkan serangkaian kegiatan pra munaslub telah dan akan diselenggarakan dalam forum tertinggi partai tersebut meski sempat didera perpecahan hampir dua tahun lanjut dia munaslub bukanlah forum permusuhan namun sebaliknya akan menjadi perhelatan rekonsiliatif munaslub akan dijadikan sebagai pesta demokrasi menuju perubahan dalam rangka mencapai kesuksesan di tahun 2019 dan pilkada serentak di 2017 dan 2018 ujarnya tantowi mengatakan setelah mengikuti kampanye di tiga zona barat tengah dan timur forum di mana masing-masing calon ketua umum menyampaikan gagasan dan pemikirannya di hadapan kader partai pada 11 mei di surabaya dan 13 di bali mereka akan tampil di debat publik yang akan disiarkan secara langsung di tvone melalui debat publik rakyat indonesia sebagai pemilik partai ini akan mengetahui ide dan gagasan masing-masing calon terkait partisipasi partai golkar dalam pembangunan ekonomi dan kesejahteraan melalui pendidikan dan pemerataan kata anggota komisi i dpr itu selain itu juga di bidang politik hukum dan keamanan khususnya terkait isu radikaslisme separatisme komunisme dan keadilan hukum yang sedang jadi sorotan publik saat ini tantowi menegaskan bahwa partai golkar harus mampu memberikan solusi ketua umum golkar aburizal bakrie menekankan materi debat harus nyambungdengan kebutuhan dan perhatian rakyat indonesia saat ini ungkap tantowi sebagai parpol tertua dan paling banyak mengenyam pengalaman tambah tantowi melalui para calon ketua umumnya ide pemikiran dan gagasan besar partai golkar dalam pembangunan di berbagai bidang harus bisa ditangkap oleh rakyat menurutnya sebagai parpol yang mengusung suara golkar suara rakyat sebagai landasan perjuangan ketua umum berikutnya haruslah nyambung dengan rakyat
4,10 Mei 2016,persaingan caketum golkar jangan sampai picu friksi baru suasana kontestasi untuk memperebutkan posisi ketua umum jelang musyawarah nasional luar biasa munaslub partai golkar makin hangat namun para calon diminta untuk bisa bersaing secara sehat jangan lebaycom kampanyenya esensi munaslub itu apa sih tim sukses harus pahami betul esensi dilaksanakan munas islah tidak ada pecah belah kata peneliti lembaga ilmu pengetahuan indonesia lipi siti zuhro saat dihubungi selasa 10 mei 2016 siti menilai bahwa setiap calon ketua umum caketum mempunyai sisi kekurangan masing-masing dia mencontohkan setya novanto pernah terjerat skandal pt freeport atau ade komarudin yang sempat tersandung isu penandatanganan komitmen tidak akan mencalonkan diri golkar itu mau mengkontestasikan apa dalam munaslub ini apa mau mengkontestasi sisi negatif saja menurut saya proporsional saja tuturnya siti menyarankan para kandidat agar mampu menonjolkan visi misi membangun partai golkar ke depan setelah itu memberikan ruang bagi pemilik suara pada munaslub golkar untuk menentukan pilihan dia menilai tak perlu ada aksi saling menjatuhkan antar kandidat yang kita dorong menciptakan kontestasi yang profesional yang mencerahkan yang menciptakan tradisi baru di munas nilai-nilainya yang dikedepankan dalam kampanye nanti akan mengedepankan pemersatu bukan pemecah belah tambah siti mengenai adanya kubu yang saling menyerang pengamat yang akrab disapa wiwieq itu mengimbau agar kubu yang diserang tak perlu membalas semangat munaslub kata dia adalah kebangkitan golkar semua kader calon ketua umum memahami betul bahwa munaslub ini tidak dilangsungkan kalau ada friksi jangan ciptakan friksi baru jangan sampai pokokemenang
5,10 Mei 2016,ruhut demokrat hmi yang baik juga banyak ucapan wakil ketua komisi pemberantasan korupsi kpk saut situmorang yang menyebut banyak kader himpunan mahasiswa islam hmi menjadi koruptor saat menjabat membuat kader hmi berang mereka bahkan melakukan aksi vandal terhadap gedung kpk saat menggelar unjuk rasa senin 9 mei 2016 menanggapi ini politikus partai demokrat ruhut sitompul tidak ingin menuding pihak yang benar dan salah dalam masalah ini namun yang jelas kata dia banyak kader hmi yang memiliki jasa terhadap bangsa dan baik perilakuknya hmi yang baik juga banyak akbar tandjung mereka orang baik kata ruhut ketika dihubungi selasa 10 mei 2016 menurut anggota komisi iii dpr ini tidak selamanya perbuatan segelintir orang yang melakukan korupsi berarti semua anggota organisasinya demikian pak saut tidak selalu nila setitik rusak sebelanga ada nama-nama korup tapi ribuan yang baik kata ruhut sebelumnya diberitakan unjuk rasa hmi di depan gedung kpk berjalan ricuh akibatnya dua anggota polisi mengalami luka terkena lemparan batu pasca bentrok di kpk mengakibatkan anggota mengalami luka bernama bripka ahyar kompi 2 den b brimob polda metro jaya dan bripda dejan miftahul kompi 6 ton 2 anggota dit shabara polda metro jaya kepala bidang humas polda metro jaya komisaris besar polisi awi setiyono senin 9 mei 2016 
6,10 Mei 2016,dpr desak pemerintah peduli kreatifitas guru dan siswa daya saing suatu bangsa ditentukan seberapa kuat modal manusia yang dihasilkan pendidikan kreativitas yang dihasilkan guru dan siswa perlu mendapat perhatian dan kepedulian dari pemerintah sehingga dapat berkembang memiliki daya saing dan bermanfaat bagi masyarakat luas anggota komisi x dr ri dari fraksi partai kebangkitan bangsa dedi wahidi mengatakan komisi x menemukan kreativitas guru dan siswa yang menghasilkan pembuatan alat produksi dan pencampur bahan-bahan batu bata serta beberapa alat produksi lainnya produksinya ini sudah banyak dipesan oleh beberapa kalangan masyarakat dan beberapa daerah namun mereka masih mengalami kesulitan dalam permodalan pemerintah harus peduli kreativitas guru dan siswa ini sangat ditunggu masyarakat dan pemesananannya sampai mengantri mereka masih mengalami permasalahan permodalan karena kalau tidak diberi bantuan modal untuk pembelian bahan-bahan dan alat maka akan lambat pertumbuhannya kata dedi wahidi di smk 3 palangka raya saat mengikuti kunjungan kerja komisi x di provinsi kalimantan tengah selasa 3 mei 2016 dedi mengkritik kebijakan prioritas pembangunan pemerintahan presiden joko widodo yaitu infrastruktur pangan energi maritim wisata sedangkan pendidikan tidak masuk prioritas menurutnya ini bertentangan dengan undang-undang dan visi misi gubernur bupati dan walikota di seluruh indonesia yang memprioritaskan nomor satunya adalah pendidikan sementara pemerintah sudah tidak memasukkan pendidikan dalam prioritas pembangunan ini memjadi permasalahan di masyarakat harapan saya laksanakan amanat undangundang 20 persen bidang pendidikan kalau itu dilaksanakan infrastruktur sekolah tercukupi kualitas siswa dan guru meningkat kata dedi wahidi wakil rakyat dari daerah pemilihan cirebon kota cirebon dan indramayu jawa barat viii wwwdprgoid
7,10 Mei 2016,dahlia poland hamil anak pertama pasangan dahlia poland dan fandy christian sedang berbahagia pasangan muda ini akan segera dikaruniai anak pertama dahlia dengan bahagia memamerkan kehamilan pertamanya di akun instagram miliknya dalam sebuah postingan pesinetron ini memajang hasil foto usg bayinya dan menuliskan kondisi si jabang bayi my baby is super healthy i saw the baby move thats amazing can't wait too see you baby i love youuu tulis dahlia beberapa minggu sebelumnya artis berdarah amerika serikat ini juga mengunggah gambar hasil foto usg dan menjelaskan usia kandungannya 5 weeks 35 weeks to go ujarnya senang kehamilan dahlia ini disambut bahagia para pengikutnya di instagram mereka memberikan ucapan selamat untuk pasangan muda yang sedang berbahagia ini selamat ya kak sebentar lagi bakalan jd ibu hehe tulis salah satunetizen semoga lancar ya kak sehat trus buat kesehatannya ka2k dan bayinya ujar yang lainnya selamat ya senangnya akan segera punya momongan kata yang lainnya selamat kak ujarnetizen lainnya ikut senang beberapa netizen juga mulai bertanya jenis kelamin janin yang dikandung dahlia kak bayinya laki laki atau perempuan ujarnetizen lain dahlia membalas ucapan selamat dan doa dari para netien ia mengucapkan terima kasih atas perhatian netizen ia berharap kehamilannya sehat dan lancar sampai melahirkan dan buat lahiran pengennya normal semoga bisa normal dan di lancarin semua tanpa harus caesar btw makasih ujar dahlia
8,10 Mei 2016,pertemuan dpd i golkar untuk harmonisasi jelang munaslub ketua dpd i partai golkar provinsi sulawesi tenggara ridwan bae mengakui adanya pertemuan tertutup dpd tingkat i partai golkar di hotel ritz calrton kuningan jakarta senin malam 9 mei 2016 itu acara paguyuban dewan pimpinan daerah dpd i kita undang 33 dpd di luar sulawesi selatan yang hadir kurang lebih 2728 dpd kata ridwan saat dihubungi selasa 10 mei 2016 ridwan menjelaskan dpd sulawesi selatan sengaja tidak diundang karena ketua dpd i sulawesi selatan syahrul yasin limpo adalah salah satu kandidat ketua umum partai dalam pelaksanaan musyawarah nasional luar biasa munaslub partai golkar di bali 1517 mei 2016 mendatang mantan anggota mahkamah kehormatan dewan mkd dpr ri ini memaparkan pada pertemuan itu peserta yang hadir tidak membahas dukungan terhadap salah satu calon ketua umum tidak karena kita memasuki munaslub jadi kita membahas persoalan harmonisasi intinya kan di munaslub ini ketua dpd I ii tidak semua sama pilihannya karena kita sadar maka kita kumpul semua calon ini adalah teman dan sahabat kalau kita beda pilihan jangan jadi perbedaan di hubungan kita siapa pun yang terpilih dia kader golkar bukan orang lain paparnya anggota komisi v dpr ri ini juga membantah bila pertemuan tersebut diinisiasi calon ketua umum setya novanto termasuk rencana pertemuan ini dihadiri menkopolhukam luhut binsar pandjaitan yang merupakan mantan wakil ketua dewan pembina partai golkar ini murni inisiatif dpd i tidak ada satu calon ketua umum yang hadir tidak ada semua yang hadir adalah dpd i katanya
9,10 Mei 2016,david beckham bocorkan rahasia perawatan kulit mantan pesepakbola asal inggris david beckham tetap terlihat sibuk dengan segala aktivitasnya dia kerap terlihat menjadi model dan duta global dalam beberapa lini produk meski tidak lagi muda ayah empat orang anak ini masih memesona lantaran dia tetap merawat penampilanny dia melakukan sejumlah langkah sederhana untuk merawat kulitnya merawat diri sendiri baik dari dalam dan luar saya hanya melakukan hal-hal sederhana yang dapat membuat perbedaan nyata ujar david kepada vogue online seperti dilansir dari female first suami victoria ini mengaku selalu melembapkan kulit dengan minum banyak air setiap harinya di samping itu dia juga menggunakan produk yang tepat sesuai dengan jenis kulitnya karena penampilannya yang awet muda segar dan tampan dia didaulat menjadi duta global untuk perawatan kulit khusus pria merek loreal luxe biotherm homme rencananya produk terbaru itu akan meluncur  pada tahun depan saya sudah berpikir tentang mengembangkan berbagai perawatan kulit untuk waktu yang lama pada saat yang sama biotherm datang dan menawarkan kesempatan ini kepada saya ujar pria berusia 41 tahun ini david mengaku begitu antusias menerima tawaran tersebut dia berharap bahwa produk itu bisa memenuhi kebutuhan dan memberi hasil yang baik bagi kebanyakan pria
10,10 Mei 2016,pemahaman nilai keberagaman harus ditanamkan kembali dalam rangkaian kegiatan safari kebangsaan merajut kebhinnekaan bersama ketua mpr zulkifli hasan di solo jawa tengah selasa 10 mei 2016 ketua mpr zulkifli hasan menyempatkan diri melakukan kunjungan silaturahmi ke habib syekh bin abdul qadir assegaf seorang ulama setempat kepada habib ketua mpr menyampaikan rangkaian kegiatan safari kebangsaan yang sudah dilakukan di beberapa daerah di pulau jawa safari kebangsaan dimaksudkan untuk merajut kembali ke-bhinnekaan indonesia pasca reformasi ada banyak hal-hal yang baik dan ada pula hal hal yang kurang bagus antara lain saat ini banyak masyarakat kita yang saling benci saling marah dan semua hal-hal negatif yang memicu konflik pemahaman kembali nilai keberagaman dan saling menghargai harus ditanamkan kembali melalui pemahaman empat konsesus dasar yang di dalamnya ada pancasila ujarnya selain itu lanjut ketua mpr ada lagi yang patut diperhatikan semua elemen bangsa yakni soal makin banyak terjerumusnya generasi muda indonesia dalam kejahatan seperti pembunuhan pemerkosaan dan hal negatif lainnya dikarenakan narkoba dan minuman keras kepada habib ketua mpr mengungkapkan bahwa indonesia dalam darurat natkoba darurat narkoba ini terlihat dari berbagai pemggerebekan narkoba yang hasilnya tidak main-main ratusan ton narkoba di sita dati gembong-gembong narkoba ini yang terlihat bagaimana yang tidak terlihat miras juga seperti itu berbotol-botol ratusan liter miras disita ini sangat mengkhawatirkan narkoba dan miras akan membawa generasi muda kita yang semula tidak jahat menjadi jahat ujarnya diutarakan ketua mpr pemahaman nilai-nilai pancasila yang didalamnya ada nilai agama dan nilai luhur bangsa akan membentuk kepribadian anak bangsa sehingga akan menjadi benteng terhadap serbuan narkoba dan miras habib syekh bin abdul qadir assegaf sangat mengapresiasi kegiatan positif yang dilakukan ketua mpr ri memang bangsa ini butuh sentuhan kembali nilai nilai agama dan nilai luhur bangsa soal banyak sekali ditemui potensi-potensi merusak dan mengadu domba antar agama ras dan suku patut diwaspadai sebagai contoh  islam banyak dikatakan keras karena segelintir oknum padahal islam adalah agama rahmatan lil alamin tidak mungkin islam mengajakan saling benci dan saling berkonflik soal penebar kebencian dan saling marah antar sesama rakyat habib melihat hal tersebut memang harus segera ditangani namun yang perlu diingat adalah penebar saling benci saling marah sebagian besar dilakukan oleh elit dan pejabat tinggi karena sikap merekalah maka menular dan diikuti secara sadar atau tidak ke rakyat banyak dan rakyat bawah itu yang harus diperhatikan para elit pejabat harus berubah dan memberikan contoh baik kepada masyarakat luas dalam setiap majelis ilmu saya selalu menerapkan agar rakyat tidak saling caci tidak saling benci dan saya berusaha membangkitka rasa saling menghormati dan saling menghargai katanya soal bahaya dan darurat narkoba habib mengungkapkan setiap rakyat mewaspadai sekeliiling pergaulan  terutama pergaulan anak-anak kenali sekeliling dan waspada sebab bahaya narkoba banyak menyusup kepada setiap manusia indonesia tanpa kecuali saya sendiri dalam pengajaran saya selalu menyelipkan soal agama dan nilai luhur bangsa melalui syair-syair lagu baik itu shalawat dan lainnya dan itu sudah lama sekali intinya saya sangat hargai peran lembaga negara seperti mpr yang berkiprah dan berperan dalam memperbaiki dan memberikan pemahaman kembali agama dan nilai luhur bangsa katanya
11,09 Mei 2016,cerita pasangan ayu dan indra yang undang ahok datang ke pernikahan kaget perasaan ini yang dialami ayu ambarwati 23 dan indra rosadi 26 warga tegal alur kalideres jakarta barat pasangan ini tak pernah menyangka undangan pernikahan yang dikirim ke balai kota sampai juga ke tangan gubernur dki jakarta basuki tjahaja purnama ahok sapaan basuki ternyata datang ke pernikahan ayu dan indra pada 23 april 2016 lalu kedatangan ahok dianggap sebagai peristiwa luar biasa di awal perjalanan biduk rumah tangga ayu dan indra cerita ayu dan indra yang berhasil mendatangkan ahok dimulai saat ayu mendengar cerita atasannya soal kebiasaan ahok yang menyempatkan diri datang ke pernikahan warga yang mau nikah nih undang-undang ahok ahok orangnya mau datang kondangan loh terus aku bilang ih apaan sih becanda aja gitu doang awalnya kata ayu bercerita kepada detikcom minggu  8 5 2016 rasa penasaran menjajal mengundang ahok makin menjadi saat kawan indra suami ayu pernah juga melakukan hal yang sama testimoni dari dua orang berbeda ini membuat keduanya memutuskan mengundang ahok akhirnya kita berdua sepakat ngundang ahok ya udahlah untung-untungan saja siapa tahu datang kan imbuhnya tak ada yang khusus dari surat undangan yang dikirim ke balai kota untuk ahok nama ahok ditulis tangan dengan surat yang dikirim melalui jasa pengiriman kita juga ngirim undangannya kaya ngirim undangan ke warga biasa asja saya tulis pakai tangan ditujukan kepada pak gubernur dki jakarta basuki tjahaja purnama terus saya kirim surat undangannya via jne ke kantornya ahok balai kota ya kita sih nggak berharap apa-apa yamg penting ngundang saja imbuhnya tanpa disangka undangan ayu dan indra ditanggapi ahok mulanya ahok hanya mengirim karangan bunga ke rumahnya di jl toram tegal alur karangan bunga ini dalam pikiran ayu sebagai tanda ahok mewakilkan kedatangannya namun betapa terkejutnya pasangan ini ahok yang disangka tidak datang malah muncul pada sekitar pukul 1200 wib sabtu 23 4 ada warga yang berteriak memberitahukan ahok datang kita sempet cuek kirain becanda kan gitu ternyata beneran kan ya kita kaget banget sambung indra ahok memang kerap mendatangi undangan pernikahan warga meski kerap luput dari media keliling-keliling aja kayak gini-gini ibadah datengin kondangan kondangan warga kata ahok minggu 8 5 ahok tak menyebut secara spesifik ke mana saja dia beraktivitas agenda kunjungan ke acara pernikahan warga pun tak pernah diinformasikan ke media namun ada beberapa acara kondangan yang pernah dipajang di akun instagramnya
12,09 Mei 2016,ahok lahap makan karedok dan beri pengantin amplop berisi rp 2 juta berbagai jenis hidangan tersaji di meja santap dekat pelaminan pasangan ayu ambarwati 23 dan indra rosadi 26 meski mengundang selera para tamu undangan gubernur dki jakarta basuki tjahaja purnama hampir melewatkannya ahok yang datang ke pernikahan ayu dan indra pada hari sabtu 23 april 2016 disebut sangat ramah menyapa warga foto selfie yang jadi kebiasaan orang kekinian juga diladeni ahok setelah bersalaman dan berfoto ahok sebenarnya ingin langsung meninggalkan lokasi pernikahan di kampung menceng kelurahan tegal alur kalideres jakarta barat tapi langkah ahok dicegah keluarga pengantin kebetulan kemarin ini pas dia ahok sudah foto sudah salam-salaman dia mau pulang tuh terus sama kakak ipar saya bilangin pak kalau di sini tradisinya kalau kondangan walaupun sebentar harus makan dulu ya sudah terus pak ahok balik lagi ke sini ujar ayu bercerita kepada detikcom minggu 8 5 2016 saat mengurungkan niat pulang ahok yang menghampiri meja santap lantas ditawari untuk menyantap bakso dan karedok terus mama saya tawarin pak ayo makan dulu terus dia makan bakso sama karedok terus dia bilang enak gitu dia makan banyak tuh istilahnya icip icip lah tutur ayu tersenyum menjelaskan saat datang ke pernikahan ahok menurut ayu juga memberikan uang rp 2 juta yang dimasukkan dalam amplop kalau amplop sih dia ngasih ya adalah isinya sekitar rp 2 juta plus kartu nama beliau sama kartu ucapan selamat menikah gitu ujar ayu ahok memang kerap mendatangi undangan pernikahan warga meski kerap luput dari media keliling keliling aja kayak gini gini ibadah datengin kondangan kondangan warga kata ahok minggu 8 5 ahok tak menyebut secara spesifik ke mana saja dia beraktivitas agenda kunjungan ke acara pernikahan warga pun tak pernah diinformasikan ke media namun ada beberapa acara kondangan yang pernah dipajang di akun instagramnya namun kebiasaan menyempatkan datang ke rumah warga yang menikah bukan baru dilakukan saat ini ahok pernah mengumumkan kepada warga agar tidak sungkan mengundangnya datang ahok mengaku akan mengusahakan datang makanya kita selalu pilih yang kawinan kawinan di kampung kita datang jadi kawinannya di kampung deret nah kita usahain mau datang jelas ahok di balai kota dki jakarta jumat 22 8 2014
13,09 Mei 2016,luhut dukung caketum golkar istana bukan suara presiden  pihak istana tidak ingin disebut turut mendukung salah satu calon ketua umum partai golkar walau ada menteri di kabinet yang merupakan kader partai tersebut di kabinet jokowi luhut binsar pandjaitan merupakan politikus senior golkar yang dipercaya menjadi menteri koordinator bidang politik hukum dan keamanan luhut juga dikabarkan mendukung salah satu calon yakni setya novanto sekretaris kabinet pramono anung mengatakan pemerintah tidak ingin ikut campur dalam persoalan golkar sebab pemerintah menghargai kemandirian partai politik bahwa kemudian ada orang per orang yang memiliki latar belakang sebagai kader partai golkar ya silakan saja kalau mau mendukung tetapi bukan kemudian artinya presiden artinya adalah istana artinya adalah pemerintah (juga mendukung kata pramono di istana negara jakarta senin 9 mei 2016 presiden kata pramono mempersilakan partai golkar untuk menggelar musyawarah secara demokratis namun untuk dukung mendukung dipastikan istana tidak akan terlibat meskipun ada individu di pemerintahan yang mendukung kandidat tertentu karena yang bersangkutan kader golkar kalau kader golkar ya monggo-monggo saja untuk memberikan dukungan itu urusan personal katanya politikus partai golkar ahmad doli kurnia mempertanyakan soal restu istana terhadap salah satu kandidat ketua umum partai golkar yang akan maju di munaslub golkar pekan depan sinyal dari istana itu sudah ada salah satu menteri menyebut setya novanto kata doli di sela-sela diskusi dengan tema jalan panjang rekonsiliasi golkar di kawasan cikini jakarta minggu 8 mei 2016 namun doli enggan menyebut nama menteri di kabinet kerja yang menyatakan hal tersebut doli hanya meminta agar menteri itu sebaiknya menjelaskan lebih lanjut kepada publik soal pernyataan yang diinformasikan kepada dirinya mau tidak mau kata dia hal tersebut bisa memengaruhi suara di munaslub mendatang kalau dugaan intervensi kekuatan istana itu benar ucap doli
14,09 Mei 2016,"dpr minta presiden serius garap proyek mobil esemka anggota komisi x dpr ri muslim mengharapkan presiden joko widodo serius dalam mendorong proyek mobil esemka ini bisa menjadi produk otomotif indonesia yang dibanggakan politisi partai demokrat ini melihat proyek ini mirip dengan pengembangan mobil timor di era presiden soeharto tapi sayangnya, sampai hari pemerintah seolah-olah tidak serius mengembangkan proyek mobil nasional ini kita dpr ri berharap pemerintahan jokowi ketika esemka ingin didorong untuk terus dikembangkan sebagai industri otomotif di indonesia, harus serius betul, sehingga produk anak anak bangsa di bidang otomotif ada yang bisa dibanggakan kata muslim saat mengikuti kunjungan kerja komisi x dpr di palangkaraya kalimantan tengah selasa, 3 mei 2016 menurutnya indonesia memiliki potensi pasar otomotif yang luar biasa jika esemka didorong serius pengembangannya juga akan menyerap banyak tenaga kerja saya minta kepada pemerintahan jokowi kalau betul betul ingin mendorong mobil nasional ini harus serius betul sehingga hasil yang didapat maksimal dan layak dipakai rakyat indonesia tegas muslim pada kunjungan kerja ini komisi x dpr juga menyempatkan diri melihat kondisi beberapa sekolah unggulan di palangkaraya muslim meminta pemerintah memberikan perhatian lebih pada sekolah kejuruan karena beberapa sarana pendukung sekolah di jurusan otomotif sudah tak layak lagi mereka masih menggunakan mobil tahun 70an yang kondisinya memprihatinkan komisi x dpr juga berharap pemerintah daerah memberikan perhatian serupa agar lulusan smk memiliki daya saing terutama setelah negara di asia tenggara memberlakukan masyarakat ekonomi asean mea sehingga siswa setelah lulus siap pakai ungkapnya demi tujuan itu diperlukan revitalisasi alat praktek sekolah kejuruan dengan dilengkapi mesin industri sehingga karya para siswa tetap mengikuti kemajuan zaman webtorial"
15,09 Mei 2016,hasil survei bayangi pdip gerindra tak ingin sombong sekretaris jenderal partai gerindra ahmad muzani mengapresiasi survei yang dilakukan media dan memposisikan partainya di bawah partai demokrasi indonesia perjuangan namun dengan hasil survei ini gerindra tidak mau menjadi sombong hasil survei tidak membuat besar kepala kita kata pak jokowi joko widodo kan kerja kerja kerja gitu loh sebagai partai kata muzani di gedung dpr ri jakarta senin 9 mei 2016 muzani tidak mempermasalahkan ketika alasan masyarakat memilih partainya hanya karena suka dalam survei ini ada lima kategori alasan kenapa masyarakat harus memilih alasan lainnya adalah kesamaan ideologi program partai lainnya dan tidak tahu saya kira begini orang kawin bisa karena banyak pertimbangan bisa cantik bisa segala macam alasan. akhirnya dia nikah juga pilihan politis juga demikian tidak hanya ideologis tetapi karena kesukaan terhadap anggota dpr tokoh kepada siapa saja katanya menurut anggota komisi i dpr ri ini dari rasa suka itu para pemilih akan melihat program partai dan lainnya dengan adanya pilihan ini justru menurutnya partai gerindra harus semakin bekerja keras membuktikan layak menjadi partai nomor dua di indonesia menurut hasil survei walaupun kami berharap gerindra bisa menjadi partai nomor satu apapun pilihan masyarakat terhadap gerindra sebagai pengurus partai gerindra harus kerja keras supaya tujuan berpartai sebagai alat perjuangan bisa tercapai katanya seperti diketahui bila pemilu dilakukan hari ini maka pdip akan mendapat suara sekitar 35 6 persen gerindra 11 8 persen golkar 9 8 persen partai demokrat 4 3 persen pkb 4 2 persen pks 3 5 persen nasdem 2 5 persen ppp 2 2 persen pan 2 0 persen perindo yang terbilang baru mendapat suara 1 7 persen hanura 0 8 persen pbb 0 2 persen dan pkpi 0 1 persen asp
16,09 Mei 2016,curhat ke mega risma masih enggan jadi gubernur jakarta wali kota surabaya tri rismaharini mengaku masih enggan menjadi calon gubernur dki jakarta keenggananya itu dia sampaikan langsung kepada ketua umum pdip megawati soekarnoputri dalam suatu pertemuan meski namanya sudah mencuat menjadi kandidat penantang ahok risma masih berharap megawati tidak mengusungnya untuk maju ke pilkada jakarta 2017 sebetulnya setelah saya menang saya jujur boleh ditanya ibu megawati nanti saya langsung hadap ibu waktu itu ada di dalam ternyata ada pak pramono pak mendgari dan pak hasto kata risma usai mengikuti rapat kabinet di kantor presiden jakarta senin 9 mei 2016 risma menuturkan apa yang disampaikannya kepada megawati tak diketahui orang orang yang berada dalam ruangan bersamanya itu ketika itu dia hanya menyampaikannya kepada megawati soal janjinya ke warga surabaya bahwa ia tidak akan ke jakarta menjadi calon gubernur saya sampaikan bu kemarin pada waktu kampanye saya sudah janji kepada warga surabaya tidak meninggalkan mereka saya sampaikan begitu kata risma lalu bagaimana respons megawati ibu diam saja katanya risma disebut-sebut masih berpeluang sebagai salah satu kandidat kuat bakal calon gubernur dki jakarta yang akan diusung pdi perjuangan wakil ketua badan pemenangan pemilu dpd pdip dki gembong warsono mengatakan peluang risma untuk menjadi calon orang nomor satu di dki tergantung kewenangan ketua umum pdip megawati soekarnoputri itu wewenang ketum dengan hak perogratif yang mereka memiliki risma sangat terbuka hak perogratif ketum megawati digunakan dalam hal yang bersifat strategis kata gembong di kawasan menteng jakarta pusat minggu 8 mei 2016 sekalipun risma tidak masuk dalam jalur pendaftaran bakal calon gubernur dki dari pdip maupun usulan dari internal pdip namun menurut gembong risma masih berpeluang maju di pilkada dki melalui restu megawati dua pintu tidak dilalui pintu pendaftaran tidak pintu pengusulan tidak risma tinggal punya satu pintu yaitu penugasan yang namanya politik sah sah saja risma ditarik kemungkinan masih sangat terbuka ujar dia
17,09 Mei 2016,priyo janji utamakan para ketua dpd dalam kontestasi pilkada calon ketua umum partai golkar priyo budi santoso menebar janji dalam kampanye menuju musyawarah nasional luar biasa munaslub ia bertekad akan menghilangkan mahar bagi kandidat calon kepala daerah yang akan bertarung dalam pilkada pilkada serentak adalah ujian konflik menimbulkan suara golkar di pilkada turun pilkada harus digunakan merebut kepemimpinan bupati wali kota dan gubernur kembali kata priyo di jakarta senin 9 mei 2016 mahar bagi kandidat untuk maju dalam suatu pilkada sudah menjadi perbincangan publik sejak lama situasi itulah yang menjadi kendala dalam pilkada kalau saya menjadi ketua umum golkar saya pastikan tidak akan meminta mahar politik bagi pimpinan dpd golkar yang ingin jadi kepala daerah ujar priyo mantan wakil ketua dpr itu juga mengungkapkan bahwa para ketua dewan pimpinan daerah dpd di tingkat i dan ii merupakan orang yang telah berjuang di tingkat bawah oleh karena itu mereka akan diperhatikan dalam setiap kontestasi politik di daerah para ketua dpd itu adalah kader yang sudah berkeringat dan berlumpur memperjuangkan golkar karena itu mereka akan kammi prioritaskan jika maju menjadi kepala daerah tegas priyo priyo lantas menawarkan program pengambilan keputusan golkar tidak harus terpusat priyo ingin melibatkan pengurus golkar di daerah untuk mengambil keputusan penting di daerahnya penentuan pimpinan dprd tidak semua harus ditentukan oleh jakarta jakarta hanya mengesahkan saja calon gubernur bupati dan wali kota tidak harus ditentukan pusat katanya priyo berharap kantor dpp partai golakar menjadi ruang terbuka bagi masyarakat tanpa aktivitas itu lanjut dia kantor golkar akan sepi seperti kuburan saya ingin masyarakat bisa menyampaikan aspirasi terbuka di kantor dpp golkar tuturnya 
18,09 Mei 2016,dpr ingatkan siswa junjung kejujuran saat ujian nasional ujian nasional un tingkat smp dan sederajat telah dimulai per senin 9 mei 2016 dan akan berakhir pada kamis 12 mei 2016 wakil ketua komisi x dpr ri sutan adil hendra berharap un smp tahun ini diwarnai dengan semangat kejujuran dari seluruh peserta un smp dan sederajat semoga keberhasilan menyertai adik adik yang sedang menempuh un smp dan sederajat saya berharap seluruh siswa dapat menyelesaikan un dengan baik dan berbasis semangat kejujuran dalam meraih prestasi kata sutan dalam press rilis yang diterima parlementaria senin 9 mei 2016 dalam rilisnya politisi f gerindra ini mengingatkan peserta un smp dan sederajat agar menyiapkan diri dalam menghadapi un 2016 diantaranya dengan mempelajari kisi-kisi standar kompetensi kelulusan skl un 2016 dengan banyak berlatih soal un serta mempelajari teknik pelaksanaan ujian nasional berbasis komputer unbk juga jaga perasaan agar tetap tenang hindari bentuk pelanggaran apapun dan periksa ulang data diri dan jawaban imbuh sutan politisi dari daerah pemilihan jambi ini menambahkan prestasi adalah sesuatu yang penting bagi seorang pelajar karena menyangkut masa depan bagi pelajar itu sendiri ia menegaskan kejujuran merupakan suatu keharusan karena menyangkut kualitas pribadi pelajar saat ini adalah generasi muda yang membanggakan maka raihlah prestasi dengan kejujuran dalam mengikuti un tegas politisi yang akrab dipanggil sah ini apalagi tambah sutan indeks integritas kejujuran merupakan sasaran yang ingin di capai dalam setiap kelulusan salah satu caranya dengan penerapan unbk un tingkat smp dan sederajat akan diikuti oleh lebih dari 4 2 juta siswa rinciannya sebanyak 4 2 juta siswa akan mengikuti un dengan sistem ujian nasional kertas dan pensil unkp di 59 ribu sekolah sementara unbk akan diikuti oleh 156 ribu siswa di 984 sekolah webtorial
19,04 April 2016,kita seperti pemadam kebakaran badan pengawas obat dan makanan bpom belum lama ini menggelar razia pangan besar-besaran operasi bertajuk opson ini dilakukan bersama international criminal police organization icpo atau interpol kepala bpom roy sparringa mengatakan operasi opson kelima tahun ini diikuti 57 negara indonesia untuk pertama kalinya terlibat dalam operasi ini dan menunjuk bpom sebagai koordinator nasional dalam operasi tersebut bpom berhasil menyita empat juta lebih produk pangan ilegal dan tak memenuhi syarat dengan nilai ekonomis mencapai rp18 2 miliar temuan itu merupakan hasil dari penggeledahan 46 tempat di seluruh indonesia sebagian temuan merupakan pangan impor yang didatangkan dari sejumlah negara menurut pria kelahiran sidoarjo 1 mei 1962 ini produk ilegal masuk melalui transportasi laut dengan memanfaatkan jalur tikus dan pelabuhan tak resmi jebolan food science and technology university of reading inggris ini menuturkan dari sejumlah temuan itu yang membuat malu adalah bakso dan usus ayam berformalin pasalnya meski nilai ekonomisnya kecil yakni hanya sekitar rp4 juta hal ini dianggap dunia internasional sebagai temuan besar interpol memberitakan temuan tersebut di lyon prancis dan diekspos di dunia internasional kepada vivacoid pria yang bernama lengkap roy alexander sparringa ini mengaku bahwa sampai saat ini lembaganya masih kesulitan memberantas peredaran pangan berbahaya penyebabnya beragam mulai dari kesadaran masyarakat yang masih kurang hingga lemahnya penegakan hukum terhadap pelaku pelanggaran sehingga tak menimbulkan efek jera demikian petikan wawancara yang dilakukan di kantor bpom di jalan percetakan negara jakarta pusat beberapa waktu lalu anda mengatakan temuan bakso dan usus berformalin dalam operasi opson kemarin sebagai hal yang memalukan kenapa masyarakat internasional mengganggap itu sebagai temuan luar biasa karena ada makanan manusia yang ditambah pengawet mayat kalau ilegal mungkin sudah biasa
20,12 Mei 2016,"dukung band neverland, andika indra reza kembali ke musik peterpan pernah bergabung dalam band peterpan membuat andika naliputra wirahardja keyboard hendra suhendra atau indra bas dan ilsyah ryan reza drum mengaku rindu bermusik bersama lagi ketiganya lalu bergabung dalam a.i.r andika indra dan reza dan menjadi produser musik bagi band neverland yang terdiri dari viving vokal dias gitar dan gin gin drum diungkapkan oleh andika untuk album transformasi dari neverland ia bersama indra dan reza memasukkan unsur-unsur musik yang pernah mereka mainkan dalam grup peterpan sengaja ditulisnya saya indra dan reza eks peterpan karena musik neverland ini seperti musik peterpan zaman dulu zaman awal kami bermusik musiknya simple dan enggak ribet ujar andika dalam jumpa pers di pisa kafe menteng jakarta pusat kamis 12 5 2016 sesudah keluar dari peterpan ketika bersama dalam grup the titans andika dan indra meninggalkan musik yang mereka mainkan dalam peterpan begitu juga dengan reza ketika menjadi personel band noah melalui neverland andika indra dan reza menghadirkan kembali musik peterpan musik musik peterpan yang dulu pun udah kami tinggalkan saya dan indra berevolusi dengan the titans reza juga begitu dengan noah sekarang lewat neverland ini musik peterpan yang dulu dihadirkan kembali terang andika lagi dalam album transformasi reza juga bermain drum untuk dua lagu tanpamu hidup sendiri dan bebaskan diriku vokal viving juga terdengar mirip dengan suara ariel vokalis peterpan dulu dan noah sekarang ditanya mengenai hal itu viving berpendapat bahwa kemiripan itu hanya kebetulan enggak ada unsur kesengajaan karakter suara saya memang seperti ini enggak dibuat buat tuturnya"
21,12 Mei 2016,presiden minta aparat tidak kebablasan tindak simbol pki presiden joko widodo jokowi meminta aparat juga memperhatikan hak asasi manusia dan kebebasan berpendapat soal penindakan hal-hal berbau komunisme staf khusus presiden bidang komunikasi johan budi sp mengatakan instruksi presiden itu menyusul banyaknya masukan dari bermacam pihak tentang penindakan hal hal berbau komunis oleh apara baik polisi maupun tni beberapa waktu lalu ada masukan kepada presiden seolah olah apa yang dilakukan aparat di tingkat bawah dianggap kebablasan ujar johan di istana kamis 12 5 2016 oleh sebab itu presiden memerintahkan kapolri panglima tni harus tetap menghormati kebebasan berpendapat seperti yang disampaikan di dalam tap mpr nomor 1 tahun 2003 dalam aksi penertibannya tap mpr tersebut adalah tentang peninjauan terhadap materi dan status hukum ketetapan mpr sementara dan ketetapan mpr tahun 1960 sampai 2002 dalam pasal 2 ayat 1 menyatakan bahwa pki adalah organisasi terlarang di indonesia dalam pasal dan ayat yang sama juga tertulis ke depan pelaksanaan tap mpr diberlakukan dengan berkeadilan dan menghormati hukum prinsip demokrasi dan hak asasi manusia meski demikian johan enggan menyebut detil penindakan aparat yang seperti apa yang dianggap kebablasan saya tidak mau mengomentari detail tapi direction presiden clear menurut saya bahwa aparat dalam rangka menertibkan dugaan pki jangan kebablasan sehingga kebebasan berpendapat untuk menyampaikan ide ide jangan sampai diberangus juga ujar dia
22,11 Mei 2016,ahok juga ditanya penyidik kpk soal tulisan gila di draf raperda reklamasi tulisan gila yang dibuat oleh gubernur dki jakarta basuki tjahaja purnama atau ahok di draf rancangan peraturan daerah raperda zonasi wilayah pesisir dan pulau pulau kecil dan raperda tata ruang strategis pantai utara jakarta ternyata menarik perhatian penyidik kpk hal itu ditanyakan penyidik kepada ahok pada saat pemeriksaan selasa 10 5 2016 kemarin ditanyain juga kenapa sampai ditulis gila gitu kan kalau ini bisa tindak pindak korupsi ujar ahok di balai kota dki jakarta rabu 11 5 2016 kepada penyidik ahok menjelaskan bahwa dia tidak setuju usulan dprd dki terkait kontribusi tambahan pengembang proyek reklamasi hanya 5 persen dari nilai jual obyek pajak njop lahan yang terjual pemprov dki kata dia menginginkan agar kontribusi tambahan yang dikenakan kepada pengembang 15 persen selain itu ia juga menjelaskan mengapa kontribusi tambahan yang dikenakan terhadap pengembang mengacu ke njop lahan terjual bukan ke keuntungan pengusaha kalau dia bohong untungnya kecil gimana kalau dia bilang cuma untung 10 perak padahal dia jual ke perusahaan lain untungnya 100 100 ini enggak dibagi makanya saya bilang lebih baik pakai njop kalau dibilang untung cepek mutusin untung siapa di bpk nanti ke bpkp atau dinas pajak kita tahu sendiri orang bayar pajak berapa kata ahok
23,12 Mei 2016,kata ahok soal dugaan barter penggusuran kalijodo dengan izin reklamasi gubernur dki jakarta basuki tjahaja purnama membantah kabar adanya barter penggusuran kawasan kalijodo senilai rp 6 miliar dari pt agung podomoro land tbk dengan izin reklamasi teluk jakarta hal ini berawal dari permohonan pt apl untuk menyambung izin prinsip yang telah diterbitkan fauzi bowo saat menjabat gubernur dki dengan izin pelaksanaan reklamasi saya bilang kalau kami menyambung dengan izin reklamasi anda kontribusi anda apa jadi bukan istilah barter kata ahok di balai kota kamis 12 5 2016 ahok mengaku tidak menginginkan reklamasi pulau hanya diperuntukkan bagi warga kelas menengah ke atas kami enggak pengin kalau nanti sudah jadi pulau bisa enggak pegawai tinggal di pulau makanya kami minta kalau begitu tolong kami ada bagi hasil kata ahok ahok mengaku pada akhirnya memberi izin pelaksanaan reklamasi karena pt apl bersedia membayar kontribusi tambahan pulau reklamasi sebesar 15 persen dikalikan nilai jual obyek pajak njop adapun hitungan biaya kontribusi oleh pengembang dikeluarkan oleh appraiser atau orang yang menghitung appraisal harga taksiran misalnya dia kerjakan habis rp 100 miliar dia mengaku rp 200 miliar begitu di appraisal cuma rp 100 miliar kami masuk pembukuan rp 100 miliar atau rp 200 miliar rp 100 miliar kata ahok
24,12 Mei 2016,merasa terancam johar firdaus minta diadili di jakarta kuasa hukum dari mantan ketua dprd riau johar firdaus razman arif nasution mengatakan pihaknya meminta komisi pemberantasan korupsi kpk untuk mengadili kliennya di jakarta pasalnya dia khawatir jika kliennya diganggu dalam setiap proses penyelidikan maupun persidang jika dilakukan di luar jakarta pada pokoknya kami meminta pak johar agar tetap di proses di jakarta kami khawatir akan ada gangguan atau bisikan dari yang lain lain di sana riau kata dia di gedung kpk kamis 12 5 2016 razman enggan menyebutkan siapa yang hendak mengancam kliennya namun dirinya memastikan jika kliennya diadili di luar jakarta akan ada pihak pihak yang memanfaatkan keadaan bukan diancam kami takut dan khawatir kalau pasti di sana riau pasti ada orang yang ditahan bisa keluar maka akan berpengaruh soalnya ini putusan hakim ujar dia menurut dia ketakutannya sangatlah beralasan hal ini karena kliennya pernah dipanggil salah seseorang yang dulunya pernah berkuasa di riau pertemuan itu diadakan di rumah sakit bukan karena ada yang sakit kliennya juga diajak dan difasilitasi barang barang mewah sesampai disana kliennya diminta bersiap siap untuk menjadi tersangka di sana klien saya marah apa urusannya dan pak johar langsung meninggalkan tempat tersebut tidak lama kemudian beliau menjadi tersangka ungkap dia dengan adanya kejadian tersebut lanjut razman maka patut diduga yang bersangkutan ikut bermain jika proses pemeriksaan dan pengadilan di jakarta akan lebih fair dan mempermudah terlebih kliennya sudah berdomisili di jakarta ujar dia sebelumnya kpk menetapkan mantan ketua dprd riau johar firdaus sebagai tersangka selain itu kpk juga menetapkan tersangka lain yakni suparman anggota dprd riau periode 2009 2014 yang baru terpilih sebagai bupati rokan hulu kpk menemukan bukti permulaan yang cukup untuk menetapkan keduanya sebagai tersangka ujar kepala bagian pemberitaan dan publikasi kpk priharsa nugraha di gedung kpk jakarta jumat 8 4 2016 kedua orang tersebut ditetapkan sebagai tersangka dalam dugaan tindak pidana korupsi menerima pemberian atau janji terkait pembahasan rapbd tahun 2014 dan 2015 keduanya disangka melanggar pasal 12 huruf a atau b atau pasal 11 undang undang nomor 31 tahun 1999 sebagaimana diubah dalam undang undang nomor 20 tahun 2001 tentang tindak pidana korupsi jo pasal 55 ayat 1 ke 1 kuhp
25,12 Mei 2016,warga pasar ikan cerita alasannya kembali ke rusun rawa bebekkasus warga pasar ikan di rusun rawa bebek yang kembali ke lokasi gusuran sebenarnya bukan tanpa sebab ternyata warga tergiur akibat pemberian sembako dan bantuan dari relawan atau organisasi kemasyarakatan yang melakukan aktivitas di bekas gusuran kesaksian itu diungkapkan salah satu warga rusun rawa bebek sopia 52 sopia mengaku ia pernah sekali ikut sejumlah warga pasar ikan yang kembali ke rusun karena ada pemberian sembako saya cuma sekali dapat sembako beras tiga liter sama mie rebus lima bungkus kata mantan warga rt 11 rw 04 pasar ikan kepada kompas com di rusun rawa bebek cakung jakarta timur kamis 12 5 2016 namun sopia mengaku tak tertarik mengulanginya ke lokasi gusuran hanya untuk mendapatkan sembako tetapi sejumlah tetangganya memang ada yang kerap bolak balik ke pasar ikan hanya untuk mendapatkan sembako selain sembako ada pemberian baju bekas dari relawan di sana sekarang saya ngapain lagi ke sana panas udah enggak ada apa apa lagi di sana anak saya yang laki pernah sehari nginap di sana gelap kalau malam airnya susah ujar sopia sopia mengaku tak mau mencampuri urusan tetangganya yang kembali ke sana untuk mendapatkan sembako tapi itu kan pribadi masing masing ya ujar sopia selain itu ada pula yang menurutnya bertahan sejak awal tak pernah ke rusun menurutnya tetangganya yang bertahan di sana memperjuangkan hak akibat penggusuran mereka mereka itu kesal kenapa enggak dapat penggantian ujar sopia kepala unit pengelola rumah susun rawa bebek ani suryani mengakui warganya memang ada yang kembali ke lokasi penertiban karena tertarik dengan sembako warga tersebut lanjut ani menggunakan transjakarta dari rusun ke pasar ikan untuk mendapatkan sembako mereka ke sana karena ada yang fasilitasi memberi sembako kami tidak punya hak melarang mereka tapi mereka ke sana itu tidak bilang mau keluar dari rusun kasih kunci enggak ujar ani meski demikian ani mengatakan sudah mengimbau para mantan warga pasar ikan itu agar tidak ke lokasi penertiban lagi saya bilang sampai kapan mau begini kasihan anak anak karena mereka itu ke sana sambil bawa anak kecil anak anaknya itu sampai enggak ikut paud pengajar di paud bilang dari 31 anak sekarang tinggal 12 ujar ani ani berharap tenda di pasar ikan dapat ditertibkan ia percaya kalau tenda di sana ditertibkan maka warga yang telah ada di rusun tidak lagi ke sana sehingga hanya para suami warga rusun yang pergi ke sana karena memang bekerja sebagai nelayan
26,12 Mei 2016,gubernur dan kepala daerah di ntb jalani tes urine gubernur nusa tenggara barat ntb tgh m zainul majdi bersama wakilnya bupati dan wali kota di provinsi tersebut menjalani tes urine narkoba yang digelar badan narkotika nasional tes urine dilakukan saat rapat koordinasi gubernur bersama bupati dan wali kota se ntb di pendopo gubernur kamis 12 5 2016 tes urine ini diikuti oleh gubernur ntb wakil gubernur ntb kepala daerah dari 10 kabupaten kota se ntb dan kepala skpd harapannya nggak ada yang positif lah kata zainul majdi seusai memimpin rakor dia mengatakan bagi pns maupun pejabat daerah yang terbukti positif menyalahgunakan narkoba akan disiapkan sanksi tegas berupa pemecatan tidak hanya dari jabatan saja tetapi juga kepegawaiannya pihaknya bahkan tidak segan segan untuk memproses pemecatan sampai bkn dan kemenpan nah kita provinsi komitmen kita untuk lebih keras lagi begitu kena positif jadi tidak hanya dibebastugaskan dari struktural tetapi dipecat dari kepegawaian kata zainul selain tes urine ia juga meminta kepada seluruh pimpinan kabupaten kota untuk mendukung pemberantasan narkoba melalui anggaran di masing masing daerah di antaranya dengan menyediakan alat tes urine narkoba untuk seluruh pegawai dana hibah untuk membantu operasi represif aparat dalam melakukan razia narkoba serta melakukan sosialisasi bahaya narkoba di sekolah termasuk menyiapkan kurikulum dan muatan lokal yang terkait sosialisasi narkoba kepada para siswa sementara itu kepala bnnp ntb sriyanto mengatakan pihaknya telah menyiapkan sekitar 95 alat tes urine narkoba yang digunakan untuk mengetes para pejabat di lingkup ntb sriyanto mengatakan ada sekitar 70 lebih pejabat daerah yang mengikuti tes hari ini sementara bupati dan wakil bupati lombok tengah berhalangan hadir
27,12 Mei 2016,sebarkan kunci jawaban un 3 pelajar smp diamankan tentara tiga pelajar di kota medan diamankan personel danramil 04 medan kota karena kedapatan mengedarkan kunci jawaban ujian nasional tingkat smp ketiga pelajar smp negeri i medan itu berinisial ar 15 warga jalan tapianauli perumahan torganda sunggal rs 15 warga jalan sunggal dan tf 15 warga jalan parang 2 medan johor kota medan mereka tertangkap tangan sedang menyebarkan kunci jawaban ujian nasional un di salah satu restoran cepat saji di jalan ringroad gagak hitam sunggal kota medan kamis 12 5 2016 danramil 04 medan kota mayor kav setia budi melalui serma yudo bs mengatakan ketiga pelajar tersebut diamankan bersama tujuh temannya yang merupakan siswa smp negeri i medan namun ketujuhnya berhasil kabur ar bertugas membagi bagikan kunci jawaban kepada teman temannya mereka berkumpul di restoran itu kita amankan sebelum ujian berlangsung dia mengaku membeli kunci jawaban dari iskandar zulakrnain mahasiswa di umsu kata yudo saat ditangkap penjual kunci kabur dengan menggunakan mobil toyota avanza iskandar adalah alumni smp negeri i medan yang saat ini kuliah di umsu kita sedang mengejarnya untuk ketiga pelajar kita akan panggil orangtuanya jelasnya sementara itu ar mengaku memesan kunci jawaban un dari iskandar zulkarnain seharga rp 2 juta untuk 14 orang dia mengenal iskandar karena satu alumni pramuka di smp negeri i medan dia yang nawari kunci jawaban itu harganya rp 2 juta ku kasih rp 500 000 tapi iskandar enggak mau karena uangnya kurang uang rp 500 000 itu kukumpulin dari kawan kawan karena kunci jawaban enggak dikasih si iskandar aku jadinya minta sama si aa anak smp negeri i juga kata ar ar mengaku tidak mengetahui dari mana aa mendapat kunci jawaban tersebut aa membagikannya lewat layanan line aku fotokopi jawaban itu dan kusebar ke kawan kawan aku jual ke kawan kawan rp 100000 ujar ar
28,12 Mei 2016,komnas ham kematian siyono bukan soal kode etik ada bukti penganiayaan ketua komnas ham imdadun rahmat menganggap majelis etik pada divisi profesi dan pengamanan propam polri mengabaikan unsur pidana terhadap dua anggota densus 88 yang mengawal terduga teroris asal klaten siyono menurut dia dari hasil otopsi oleh komnas ham ditemukan adanya tindak kekerasan yang menyebabkan siyono meninggal indikasi bukti ada penyiksaan yang menyebabkan kematian ini bukan soal kode etik kode etik saja tidak cukup ujar imdadun di jakarta kamis 12 5 2016 imdadun mengatakan sejak awal pihaknya merekomendasikan adanya tindak pidana kepada petugas yang mengawal siyono namun ternyata majelis etik menilai bahwa dua anggota densus 88 hanya melanggar prosedur dan tidak ditemukan adanya kesengajaan menghilangkan nyawa rencananya keluarga siyono akan melaporkan anggota densus 88 ke polres klaten pada minggu 15 5 2016 kan nanti prosesnya ada penyidikan dan penyelidikan kata imdadun akbp t dan ipda h dua anggota densus 88 dikenakan sanksi karena melanggar prosedur dalam penanganan siyono keduanya wajib meminta maaf kepada atasan satuan dan demosi tidak percaya artinya keduanya akan dipindahkan dari satuan tugas densus 88 ke satgas lainnya akbp t akan dipindahkan ke satgas lain selama empat tahun sementara ipda h selama tiga tahun sejumlah pelanggaran yang dilakukan akbp t dan ipda h terkait dengan kurangnya anggota densus 88 yang mengawal siyono saat di dalam mobil siyono hanya didampingi dua anggota satu sebagai sopir dan satu lagi duduk di sampingnya kelalaian kedua siyono tidak diborgol keadaan ini dianggap justru membuat siyono dengan leluasa melawan petugas
29,17 April 2016,intel pastikan kedatangan prosesor murah apollo lake produsen mikroprosesor intel mengonfirmasi bakal merilis prosesor celeron dan pentium generasi baru keduanya akan hadir di semester dua 2016 generasi baru prosesor celeron dan pentium dari intel itu diberi nama sandi apollo lake prosesor ini bakal menjadi platform prosesor intel murah berikutnya kepastian tersebut diumumkan oleh navin shenoy corporate vice president sekaligus general manager intel client group dalam pidatonya di ajang intel developer forum idf di shenzen china jumat 15 4 2016 seperti dikutip kompastekno dari digital trends menurut shenoy chipset apollo lake bakal memberikan peningkatan dalam hal performa cpu dan grafis dibandingkan dengan generasi prosesor celeron dan pentium sebelumnya intel belum merilis detil spesifikasi tentang apollo lake yang pasti chipset chipset ini tidak akan sekencang standar chip core intel yang dirancang berdasar arsitektur skylake yang lebih canggih melainkan prosesor-prosesor tersebut dikembangkan berdasar arsitektur cpu hemat daya intel yang dijuluki goldmont intel akan merancang apollo lake untuk pc laptop atau dekstop kelas murah yang akan dipasarkan oleh vendor vendor komputer mulai akhir tahun ini kemungkinan intel bakal mengumumkan prosesor celeron dan pentium baru ini di ajang computex taipei 2016 pada mei  juni mendatang
30,12 Mei 2016,orangtua korban tragedi trisakti 18 tahun hidup saya berat meski tragedi penembakan empat mahasiswa universitas trisakti hingga tewas oleh aparat pemerintah sudah berlalu 18 tahun namun tragedi 12 mei 1998 itu masih sangat membekas di hati orangtua korban tragedi trisakti 18 tahun yang lalu itu telah mengubah kehidupan karsiah sie ibunda hendriawan sie salah satu korban penembakan akibat peristiwa tersebut karsiah menyebut dirinya seolah sudah tak punya masa depan 18 tahun hidup saya berat sudah tidak punya anak tidak punya suami hanya ditanggung dari universitas trisakti ujar karsiah seusai upacara peringatan tragedi mei 1998 di universitas trisakti jakarta barat kamis 12 5 2016 mata karsiah berkaca kaca mengingat kehidupannya pasca tragedi tersebut kini dia pun bahkan tak bekerja karena sakit ia menyebut kehidupannya kini ditanggung almamater anak sematawayangnya itu itulah yang terasa berat bagi saya 18 tahun karena usia berkurang terus enggak kerja disuruh berhenti sama pak rektor universitas trisakti karena punya tipus suruh istirahat ucapnya karsiah merasa pemerintahan jokowi jk tidak memberi perhatian sedikit pun kepada orangtua korban pemerintah seolah tidak peduli pada nasib mereka enggak ada perhatian pemerintah belum ada langkah apapun dari jokowi turut berbela sungkawa terhadap korban reformasi tidak ada dicuekin aja gitu tutur karsiah sebagai orangtua dia berharap pemerintah segera menuntaskan tragedi trisakti 1998 itu ia dan orangtua ketiga korban lainnya menunggu keadilan pemerintah untuk anak anak mereka kalau harapan sebagai orangtua ya kalau bisa dituntaskan ya kalau memang jalannya begini ya kita minta tetap keadilan sebesar besarnya harap dia namun di sisi lain ia seolah pesimis tragedi tersebut dapat segera tuntas sebab selama 18 tahun nasib tragedi tersebut masih terkatung katung itu sudah jalan hidup kami sebagai orangtua korban apalagi yang mau kita minta walaupun kita minta apa apa juga paling dicuekin sama mereka mahasiswa nuntut ini itu paling enggak didengerin kata karsiah
31,12 Mei 2016,erdogan turki siap bersihkan perbatasannya dari isis pemerintah turki bersiap untuk membersihkan sisi perbatasan suriah turki dari anggota negara islam irak dan suriah isis setelah sebuah kota perbatasan turki kerap menjadi korban serangan roket kami melakukan semua hal yang diperlukan untuk persiapan pembersihan perbatasan karena masalah di kota kilis kata presiden recep tayyip erdogan kamis  12 5 2016 sejak januari lalu sekitar 24 orang warga kota perbatasan kilis tewas akibat serangan roket yang dilepaskan isis serangan roket isis itu biasanya langsung dibalas militer turki dengan serangan artileri ke wilayah suriah turki yang adalah anggota koalisi yang memerangi isis juga mengizinkan jet jet tempur as menggunakan pangkalan udaranya di wilayah selatan negeri itu untuk menggelar serangan udara atas isis namun erdogan mengeluhkan minimnya dukungan dari para sekutunya dalam perang melawan isis dan mengindikasikan negeri itu akan bertindak sendiri saat warga kami tewas setiap hari di jalanan kota kilis akibat roket dari seberang perbatasan apa yang bisa kami harapkan dari para sekutu turki kata erdogan saya tekankan kami tak ragu untuk mengambil langkah yang diperlukan untuk kepentingan kami tambah erdogan kami tak percaya ketulusan negara manapun yang belum pernah melihat roket roket itu jatuh di london moskwa brussels washington paris atau berlin ujar erdogan sejumlah media turki melaporkan sebanyak 20 personel militer turki menyeberang perbatasan dan memasuki wilayah suriah sepanjang akhir pekan lalu mereka menjalankan misi intelijen untuk memetakan posisi peluncur roket isis yang nantinya akan dihancurkan serangan artileri angkatan darat
32,12 Mei 2016,keluarga korban malaysia airlines mh17 dapat bayi baru sebuah keluarga di australia yang kehilangan tiga anak dan orangtua mereka dalam peristiwa jatuhnya pesawat malaysia airlines mh17 telah mengumumkan mereka mendapat bayi perempuan violet may maslin lahir rabu 11 5 2016 dan disambut dengan suka cita oleh pasangan anthony maslin dan marite norris mereka mengatakan ini adalah hadiah luar biasa dari anggota keluarga yang meninggal dalam kejadian tersebut tiga orang anak maslin dan norris yaitu mo evie dan otis bersama dengan ayah norris nick morris meninggal dunia ketika pesawat malaysia tersebut ditembak jatuh di atas wilayah ukraina 17 juli 2014 keluarga kami terpecah belah ketika mh17 pecah di udara oleh rudal yang ditembakkan oleh sebuah kelompok nasionalis kata pasangan tersebut dalam sebuah pernyataan namun mereka lalu mengatakan kelahiran violet adalah wujud dari rasa percaya kami bahwa cinta lebih kuat dari kebencian kami masih hidup dalam kesedihan namun violet dan perasaan bahwa keempat anak kami akan selalu bersama kami memberikan cahaya di dalam kegelapan kata mereka lagi seperti ucapan martin luther king kegelapan tidak bisa menghapus kegelapan hanya cahaya yang bisa melakukannya kebencian tidak bisa menghilangkan kebencian hanya cinta yang bisa mengalahkannya tulis mereka kami akan terus membagi cinta yang setara kepada keempat anak kami violet membawa harapan dan kebahagiaan bagi kami kami berharap dia akan membawa harapan dan kebahagiaan bagi anda juga sambungnya
33,12 Mei 2016,terdegradasi mantan kapten newcastle salahkan benitez mantan kapten newcastle united alan shearer mencibir dengan menganggap aneh bila rafael benitez tetap bertahan sebagai manajer mengingat klub berjuluk magpies terancam terdegradasi dari premier league newcastle melorot ke championship setelah delapan tahun bertengger di premier league sebagaimana dikutip dari laman bbc hasil negatif bagi klub itu diterima pada rabu pekan ini shearer berkata kepada bbc radio 5 sosok seperti dia punya pengalaman menjulang sebagai pelatih hanya saja mengapa tim asuhannya sampai melorot ke championship saya tidak dapat memahaminya benitez didaulat menggantikan steve mcclaren karena newcastle berada di peringkat 19 klasemen hanya saja pelatih berpaspor spanyol itu tidak mampu menyelamatkan posisi newcastle karena hanya menuai dua kemenangan dari sembilan laga di ajang liga inggris mantan manajer liverpool dan real madrid itu telah meneken kontrak selama tiga tahun hanya saja nasib pelatih berusia 55 tahun itu berada di ujung tanduk saya tahu bahwa menangani klub sepak bola bukan hal yang mudah juga saya tahu bahwa harapan fans demikian besar ketika ia datang ke klub ini saya yakin bahwa ia terlalu banyak punya beban tidak hanya dari premier league tapi dari seluruh dunia kata shearer yang telah mencetak 206 gol bagi newcastle selama 10 musim kompetisi untuk lepas dari degradasi newcacstle memerlukan kemenangan ketika menghadapi west ham di st james park
34,12 Mei 2016,stop gunakan sabun untuk mencuci wajah kulit adalah bagian terpenting dalam penampilan setiap perempuan pasti berusaha merawat kulit agar terlihat cantik sangat penting mengumpulkan informasi lengkap tentang cara merawat kulit mulai dari mencari produk perawatan yang aman hingga menaati beragam aturan dalam menyehatkan kulit salah satu contoh langkah yang salah adalah mencuci wajah dengan sabun tindakan ini dapat mengurangi kesehatan kulit dalam jumlah besar sabun berbentuk batang sarat dengan bahan bahan kimia yang berbahaya bagi sel kulit wajah batasi pemakaian sabun mandi hanya untuk tubuh saja sabun dapat menghilangkan lapisan kelembapan alami kulit wajah sebab selain membuat wajah terasa kering dan kusam zat yang terkandung dalam sabun terlalu kuat untuk kulit wajah akibat yang ditimbulkan adalah kulit wajah kehilangan lemak alami secara otomatis kapasitas kulit dalam melawan bakteri dan mikroba ikut berkurang dengan begitu jerawat akan mudah tumbuh sabun juga menyebabkan vitamin esensial dalam kulit wajah menghilang karena bahan bahan kimia dalam sabun menurunkan tingkat kelembapan kulit dan mempengaruhi keseimbangan ph alami karena itulah sabun dapat membuat kulit menjadi kering selain itu banyak sabun yang mengandung asam lemak kandungan ini menyebabkan pori pori mudah tertutup dengan begitu berbagai masalah kulit akan muncul dengan sangat mudah sebab pori pori yang tertutup dapat menyimpan kotoran di bawah kulit
35,12 Mei 2016,nissan beli 34 persen saham mitsubishi nissan motor company memutuskan membeli 34 persen  saham dari pabrikan kendaraan sesama jepang mitsubishi motors corporation mmc nissan harus merogoh kantong sebesar 237 triliun yen untuk membeli sebagian saham perusahaan raksasa itu pembelian saham ini sekaligus memperpanjang kerja sama antara nissan dan mitsubishi selama 5 tahun terakhir chief executive and president nissan carlos ghosn mengatakan kerja sama ini akan meningkatkan bisnis kedua perusahaan ini adalah terobosan transaksi dan merupakan sama sama menguntungkan bagi kedua perusahaan ini menciptakan kekuatan baru yang dinamis di industri dunia otomotif kata dia seperti tertuang dalam situs resmi mitsubishi motors com kamis 12 mei 2016 ghosn yakin nissan akan tetap menghormati brand dan sejarah mitsubishi  serta meningkatkan prospek kekayaan mereka kami akan mendukung mmc sebagaimana mereka sebagai keluarga baru dalam aliansi kami kata dia dengan kontrak baru ini nissan akan membeli 506 6 juta saham mmc dengan harga 468 52 yen per saham harga per saham muncul dari harga volume rata rata di periode antara 21 april 2016 dan 11 mei 2016 nantinya nissan akan menjadi pemegang saham terbesar di mitsubishi melewati sejarah panjang kesuksesan kerjasama nissan sudah mengembangkan pengetahuan mendalam tentang memaksimalkan keuntungan dari kerjasama aliansi kerja sama ini akan menciptakan nilai jangka panjang yang dibutuhkan kedua perusahaan untuk mengahadapi masa depan kata osamu masuko chief executive of mmc osamu mengatakan mmc dan nissan akan mencapai nilai jangka panjang lewat pendalaman startegi kerja sama termasuk pembagian sumber daya seperti pengembangan seperti halnya pengadaan bersama mmc dan nissan mengharapkan mitsubishi heavy industries mitsubishi corporation dan the bank of tokyo  mitsubishi ufj untuk membenahi kepemilikan kolektif di mitsubishi motors dan untuk mendukung aliansi strategis
36,12 Mei 2016,predix pengawas digital pembangkit listrik buatan ge general electric sedang mempersiapkan peluncuran perangkat lunak pintar bernama predix untuk kebutuhan pembangkit listrik di tanah air perusahaan ini telah mendatangi calon pelanggan potensial seperti pt perusahaan listrik negara persero dalam rangka penjajakan kemitraan kami sudah sounding ke pln dan responnya bagus ujar country leader ge for gas power george djohan kepada tempo di hotel mulia jakarta pusat kamis 12 mei 2016 menurut djohan indonesia berpeluang memanfaatkan teknologi predix untuk efisiensi pengelolaan pembangkit apalagi dia mengklaim ge sudah menguasai perangkat teknologi pembangkit listrik hingga 18 ribu megawatt angka tersebut adalah 30 persen dari total kapasitas pembangkit terpasang indonesia saat ini selain pln ge juga menyasar berbagai perusahaan lainnya di sektor industri mereka bisa menggunakan teknologi pintar kami ujar djohan predix adalah sistem analisis mesin yang terhubung melalui perangkat lunak dan dapat diakses di manapun melalui internet sistem ini menangkap dan menganalisa volume kecepatan puluhan juta bita data mesin yang dihasilkan di dunia industri pembangkit listrik berdasarkan laporan perusahaan ge kini memonitor dan menganalisa 50 juta elemen data dari 10 juta sensor yang terpasang pada aset senilai us $1 triliun setiap hari asia pacific cyber security leader ge alvin ng mengklaim predix mampu meningkatkan efisiensi operasional pembangkit listrik aktivitas pembangkit dapat dipantau secara langsung real time predix juga mampu memprediksi kerusakan atau gangguan yang terjadi pada mesin pembangkit katanya predix diluncurkan sejak september 2015 sebelumnya perangkat ini hanya digunakan internal perusahaan pada 2014 ge dapat menghemat hingga us $ 70 juta alvin mengatakan penggunaan predix di indonesia adalah tantangan mengingat banyaknya lokasi pembangkit di daerah terpencil namun kata dia ini bisa diatasi lantaran predix bersifat fleksibel alvin juga mengklaim bahwa predix dapat menjadi solusi penghematan biaya operasional pembangkit listrik di daerah terpencil karena pengembang bisa mengontrol kinerja fasilitas dari jauh tak hanya pembangkit listrik predix juga bisa diterapkan dalam industri pembangkit tenaga lain seperti minyak gas bumi kesehatan ataupun penerbangan platform ini menghubungkan manusia dengan mesin melalui teknologi informasi katanya meski berbasis komputasi awan cloud alvin menjamin keamanan predix karena aliran informasinya sudah terproteksi sistem kami sesuai dengan peraturan keamanan siber ujar alvin ge menargetkan nilai pasar predix bisa mencapai us $ 100 miliar di seluruh dunia pada 2020 target tersebut terbilang sangat tinggi. namun alvin optimistis target tersebut dapat tercapai pada 2020 kami memprediksi ada 50 miliar gawai digital yang terhubung dengan jaringan internet saat itulah penggunaan data penduduk dunia mencapai 44 ribu triliun bita zetta bita saat ini satu satunya pesaing predix adalah uptake perangkat lunak yang dipakai kontraktor industri caterpillar empat tahun mendatang nilai pasar uptake diprediksi mencapai us $ 125 miliar ge juga tengah ekspansi ke sejumlah pembangkit listrik energi baru terbarukan saat ini menurut djohan ge sedang mengikuti tender penyediaan teknologi pembangkit listrik tenaga panas bumi pltp dan pembangkit listrik tenaga air plta sejumlah studi juga sedang dijajaki ge untuk pembangkit listrik tenaga angin
37,12 Mei 2016,frank de boer tinggalkan ajax pelatih ajax amsterdam frank de boer akan meninggalkan klub belanda itu setelah bertugas selama lima setengah tahun demikian diumumkan klub kamis kontrak pria berusia 45 tahun itu seharusnya baru akan berakhir tahun depan tapi setelah malapetaka pada hari terakhir mereka dalam perburuan gelar juara ajax mengumumkan bahwa mereka setuju berpisah setelah tur china mereka selesai dengan lawannya de graafschap berada di posisi kedua terbawah ajax tentu saja menjadi favorit untuk merebut gelar juara kelimanya dibawah de boer tapi ternyata mereka tidak mampu mencatat hasil yang lebih baik dari imbang 1 1 draw yang membuat psv menjuarai liga belanda media inggris menyebut nyebut de boer sebagai pengganti potensial untuk pelatih everton yang berada di bawah tekanan roberto martinez demikian reuters
38,12 Mei 2016,perusahaan kelapa sawit komitmen cegah karhutla kalangan perusahaan kelapa sawit menyatakan komitmennya untuk melakukan pencegahan kebakaran hutan dan lahan karhutla karena dinilai lebih efektif daripada menanggulangi kebakaran sebagai bentuk komitmen tersebut gabungan pengusaha perkebunan kelapa sawit indonesia gapki kalimantan tengah dan triputra agro persada tap menyelenggarakan aksi sinergi kesiapan pencegahan dan perlindungan lahan dari bahaya kebakaran sekjen gapki kalteng halind ardi melalui keterangan tertulis yang diterima di jakarta kamis menyatakan aksi bersama tersebut merupakan wujud komitmen perusahaan perkebunan anggota gapki dalam mencegah kebakaran hutan dan lahan komitmen tersebut didasari keyakinan bahwa upaya bersama lebih efektif daripada hanya dilakukan masing masing pihak katanya aksi yang melibatkan pemerintah daerah perusahaan perkebunan dan masyarakat tersebut dilakukan di pt gawi bahandep sawit mekar pt gbsm di desa baung kecamatan seruyan hilir kabupaten seruyan pada selasa 10 mei 2016 pt gbsm merupakan bagian dari tap group yaitu kelompok usaha yang bergerak di bidang perkebunan dan pengolahan kelapa sawit yang tersebar di kalimantan tengah kalimantan timur kalimantan barat dan jambi ceo tap group untuk wilayah kalimantan tengah tjandra karya hermanto menyatakan kebakaran lahan dan hutan menimbulkan dampak kerugian sangat besar baik dari aspek finansial lingkungan maupun kesehatan masyarakat menurut dia pencegahan kebakaran lahan jauh lebih efektif dibandingkan penanganan kebakaran namun upaya itu tidak dapat dilakukan oleh satu pihak saja melainkan memerlukan sinergi seluruh pihak baik dari pemerintah daerah tni kepolisian perusahaan maupun masyarakat di sekitar perkebunan salah satu wujud komitmen terhadap pencegahan kebakaran hutan dan lahan pihaknya juga melakukan pemenuhan sarana prasarana untuk penanganan kebakaran sesuai rekomendasi direktorat jenderal perkebunan 2010 dan pembentukan tim kesiapsiagaan tanggap darurat tktd selain itu juga melibatkan peran masyarakat di sekitar area perkebunan dengan membentuk masyarakat peduli api dalam kerangka program desa bebas kebakaran sementara itu tktd tap group mendapatkan pelatihan penanganan kebakaran langsung dari manggala agni kementerian lingkungan hidup dan kehutanan pada kesempatan itu tjandra menambahkan selain pencegahan karhutla pihaknya juga berkomitmen terhadap perkebunan yang berkelanjutan termasuk komitmen untuk mengurangi emisi gas rumah kaca kebakaran lahan berkontribusi besar terhadap emisi gas rumah kaca maka pencegahan terhadap kebakaran lahan secara langsung akan menurunkan emisi gas rumah kaca dan melindungi masa depan bangsa indonesia yang kita cintai katanya pangdam xii tanjung pura mayjen tni agung risdhianto memberikan apresiasi terhadap perusahaan perusahaan yang begitu peduli terhadap upaya pencegahan kebakaran termasuk dengan memberikan pelatihan kepada masyarakat
39,12 Mei 2016,kuliner bangkok di malam hari tiba di ibu kota thailand malam hari sebaiknya tidak menghalangi anda untuk menikmati makanan pinggir jalan di sana bila menginap di sekitar siam menyusuri jalan rama 1 dapat menjadi pilihan untuk mencicipi jajanan khas thailand mulai dari potongan buah segar mango sticky rice nasi ketan dengan irisan mangga crepe pisang hingga tom yam kung makan malam kali ini rabu penulis memilih mencoba menu terkenal negeri gajah putih lainnya pad thai atau mie khas thailand mie thailand ini terbuat dari tepung beras sehingga terasa kenyal ketika digigit mirip seperti kwetiau hanya berbentuk lebar dan pipih cara penyajiannya pun mirip seperti kwetiau digoreng dengan sayuran umumnya kale kecap ikan dengan bumbu sederhana antara lain bawang merah dan bawang putih sama seperti makanan thailand pada umumnya tidak lengkap bila pad thai tidak diberi perasan jeruk nipis penjual biasanya menghidangkan sepiring pad thai lengkap dengan irisan jeruk nipis bila menyukai pedas jangan buru buru minta saus sambal penjual di sana menyediakan cabai bubuk untuk para penyuka pedas dalam bentuk sachet lengkap dengan garam bila terasa kurang gurih malam hari di bangkok akhir akhir ini cukup panas anda dapat memesan sebutir kelapa untuk menyegarkan sekaligus teman makan pad thai meski pun makan di warung pinggir jalan es kelapa yang disajikan di sini disimpan di kotak pendingin dan baru dikeluarkan saat disajikan sehingga tidak perlu lagi memesan batu es anda perlu merogoh kocek sekitar 135 baht untuk memesan seporsi makanan dan minuman di lokasi yang dekat dengan beberapa lokasi belanja dan wisata ini
40,11 Mei 2016,pemprov dki ikut gelar ibm linux challenge 2016 pemerintah provinsi pemprov dki jakarta melalui jakarta smart city bekerja sama dengan salah satu perusahaan teknologi ibm indonesia untuk menggelar kompetisi bertajuk ibm linux challenge 2016 melalui ajang tersebut pemprov dki ingin berpartisipasi dalam mewujudkan jakarta sebagai kota yang pintar kata kepala unit pengelola jakarta smart city setiaji di balai kota jakarta pusat rabu oleh karena itu menurut dia pihaknya akan berupaya memaksimalkan pelayanan bagi seluruh warga dengan membangun infrastruktur teknologi yang memadai seperti intelligence operating center ioc ibm melalui ajang kompetisi ini kami berharap dapat menemukan aplikasi yang dapat menjadi bagian dari solusi kemacetan dan banjir yang merupakan masalah terbesar di kota jakarta saat ini ujar setiaji sementara itu country manager hardware ibm indonesia al novam basukiwijaya menuturkan pihaknya telah lebih dulu mendukung beberapa kota di negara lain diantaranya rio de jeneiro brazil dan davao filipina dalam mewujudkan smart city untuk itu kami sangat mendukung konsep jakarta smart city dan berharap melalui ajang ini dapat tercipta berbagai aplikasi yang kelak dapat digunakan dan bermanfaat bagi masyarakat luas di ibukota tutur novam dia mengungkapkan ajang kompetisi itu terbuka untuk dua kategori peserta yaitu mahasiswa dan profesional ajang tersebut sambung dia bertujuan untuk mengembangkan keterampilan para developer teknologi informasi ti untuk membuat aplikasi lokal dengan menggunakan platform berbasis linux open source pendaftaran untuk ajang kompetisi itu dibuka mulai 12 mei hingga 1 juni 2016 pihak penyelenggara akan memilih sepuluh peserta terbaik yang nantinya kan mendapatkan pendampingan dalam membangun aplikasi tersebut selain menjadi bagian dari perkembangan kota jakarta melalui jakarta smart city pemenang juga akan menerima hadiah tunai yang didukung oleh pt avnet datamation solution dan pt global infotech solution sebagai mitra ibm indonesia serta pendampingan dalam memasarkan aplikasinya
